Image Name,Camera Pose
0110.jpg,0.9998526573181152 -0.005221232771873474 -0.016352888196706772 -0.05672268569469452 0.005826117470860481 0.999292254447937 0.03716298192739487 -0.15275882184505463 0.016147278249263763 -0.03725277632474899 0.9991754293441772 -12.911690711975098 0.0 0.0 0.0 1.0
0214.jpg,0.9307098984718323 0.3578333556652069 -0.07572580873966217 0.998301088809967 -0.21742084622383118 0.7077502012252808 0.6721739768981934 -6.94282865524292 0.2941212058067322 -0.6091345548629761 0.7365105748176575 -7.760721683502197 0.0 0.0 0.0 1.0
0278.jpg,-0.5808807015419006 -0.7972412109375 0.1642688661813736 -0.2807878851890564 0.6304261684417725 -0.31296950578689575 0.7103612422943115 -3.580460786819458 -0.5149180889129639 0.5161944627761841 0.6843996047973633 -3.3891384601593018 0.0 0.0 0.0 1.0
0370.jpg,0.32033732533454895 0.16343683004379272 -0.9330981373786926 2.5371017456054688 -0.008795693516731262 -0.9844487905502319 -0.17545075714588165 0.9619577527046204 -0.9472625851631165 0.06441067159175873 -0.3139181435108185 1.581113338470459 0.0 0.0 0.0 1.0
