Image Name,Camera Pose
0276.jpg,0.5233873724937439 0.25886070728302 0.8118230700492859 -2.4470858573913574 0.852084755897522 -0.16362053155899048 -0.49717170000076294 1.088980793952942 0.004132688045501709 0.9519554972648621 -0.30620819330215454 0.43512311577796936 0.0 0.0 0.0 1.0
0744.jpg,-0.6620267033576965 0.734695553779602 0.1481325477361679 -0.7014357447624207 0.4090110957622528 0.5197793841362 -0.7500264048576355 2.020941734313965 -0.6280372142791748 -0.4359496235847473 -0.6446064114570618 2.230062961578369 0.0 0.0 0.0 1.0
1275.jpg,0.7517933249473572 0.6561993360519409 0.06487834453582764 0.3890487253665924 -0.6573370695114136 0.7535808086395264 -0.004895452409982681 -0.7674452662467957 -0.05210346728563309 -0.038966573774814606 0.9978811740875244 -7.2902021408081055 0.0 0.0 0.0 1.0
1491.jpg,0.9999852180480957 -0.001616906258277595 0.005198467057198286 0.3890487253665924 0.0016127504641190171 0.9999984502792358 0.0008035161881707609 -0.7674452662467957 -0.005199757870286703 -0.0007951204315759242 0.9999862313270569 -7.2902021408081055 0.0 0.0 0.0 1.0
