Image ID,Ground Truth Pose,Other Pose,Difference
0214,[1. 0. 0. 0. 0. 1. 0. 0. 0. 0. 1. 0. 0. 0. 0. 1.],"[-0.63584681  0.63805599  0.43426188  0.06760676  0.59016568  0.76453739
 -0.25920465 -0.05092406 -0.49739653  0.09147201 -0.86268741 -0.05570438
  0.          0.          0.          1.        ]",2.7346408493653964
0110,"[ 0.87656411  0.04226479 -0.47942572  0.36867723  0.29413451  0.74141763
  0.60314576  0.42795828  0.38094647 -0.66971161  0.63746859  0.42860107
  0.          0.          0.          1.        ]","[-0.39529166  0.89270629 -0.21637932  0.37980577  0.83594454  0.25198329
 -0.48754606  0.61533823 -0.38071146 -0.37360396 -0.84585983  0.57509528
  0.          0.          0.          1.        ]",2.6566022191794776
0278,"[ 0.48567352 -0.65353093  0.58053301  0.63773972  0.63588757 -0.19156023
 -0.7476307   0.14359391  0.59980681  0.73225822  0.32253642 -0.09417897
  0.          0.          0.          1.        ]","[ 0.91783772 -0.09202626  0.38614146  0.61574717 -0.09026481 -0.9956584
 -0.02273316  0.02611505  0.38655706 -0.0139896  -0.92215946 -0.37480147
  0.          0.          0.          1.        ]",2.11751082513161
0370,"[ 0.30033871 -0.42882091  0.85200313  1.04095245  0.76113731 -0.43059786
 -0.48503145  0.47930262  0.57486234  0.7941651   0.19706638 -1.15980993
  0.          0.          0.          1.        ]","[ 0.10762419 -0.94927613  0.29545152  0.9842097   0.725338   -0.12826721
 -0.67633726  0.4603256   0.67992762  0.28709247  0.67474143 -0.96997726
  0.          0.          0.          1.        ]",1.1326944284172644
