Image ID,Ground Truth Pose,Other Pose,Difference
0110,"[ 9.99852657e-01 -5.22123277e-03 -1.63528882e-02 -5.67226857e-02
  5.82611747e-03  9.99292254e-01  3.71629819e-02 -1.52758822e-01
  1.61472782e-02 -3.72527763e-02  9.99175429e-01 -1.29116907e+01
  0.00000000e+00  0.00000000e+00  0.00000000e+00  1.00000000e+00]","[ 9.99852657e-01 -5.22123277e-03 -1.63528882e-02 -5.67226857e-02
  5.82611747e-03  9.99292254e-01  3.71629819e-02 -1.52758822e-01
  1.61472782e-02 -3.72527763e-02  9.99175429e-01 -1.29116907e+01
  0.00000000e+00  0.00000000e+00  0.00000000e+00  1.00000000e+00]",0.0
0214,"[ 0.9307099   0.35783336 -0.07572581  0.99830109 -0.21742085  0.7077502
  0.67217398 -6.94282866  0.29412121 -0.60913455  0.73651057 -7.76072168
  0.          0.          0.          1.        ]","[ 0.9307099   0.35783336 -0.07572581  0.99830109 -0.21742085  0.7077502
  0.67217398 -6.94282866  0.29412121 -0.60913455  0.73651057 -7.76072168
  0.          0.          0.          1.        ]",0.0
0278,"[-0.5808807  -0.79724121  0.16426887 -0.28078789  0.63042617 -0.31296951
  0.71036124 -3.58046079 -0.51491809  0.51619446  0.6843996  -3.38913846
  0.          0.          0.          1.        ]","[-0.5808807  -0.79724121  0.16426887 -0.28078789  0.63042617 -0.31296951
  0.71036124 -3.58046079 -0.51491809  0.51619446  0.6843996  -3.38913846
  0.          0.          0.          1.        ]",0.0
0370,"[ 0.32033733  0.16343683 -0.93309814  2.53710175 -0.00879569 -0.98444879
 -0.17545076  0.96195775 -0.94726259  0.06441067 -0.31391814  1.58111334
  0.          0.          0.          1.        ]","[ 0.32033733  0.16343683 -0.93309814  2.53710175 -0.00879569 -0.98444879
 -0.17545076  0.96195775 -0.94726259  0.06441067 -0.31391814  1.58111334
  0.          0.          0.          1.        ]",0.0
