Image ID,Ground Truth Pose,Other Pose,Difference
0456,"[-0.24170831 -0.86991912 -0.42990425  3.6141665   0.95298034 -0.29626289
  0.06369208 -1.40868747 -0.18277165 -0.39429539  0.90062511 -5.42249107
  0.          0.          0.          1.        ]","[-0.24170831 -0.86991912 -0.42990425  3.6141665   0.95298034 -0.29626289
  0.06369208 -1.40868747 -0.18277165 -0.39429539  0.90062511 -5.42249107
  0.          0.          0.          1.        ]",0.0
0603,"[ 0.59802502 -0.76764286 -0.23041356  1.64828897  0.7846427   0.50213504
  0.36358795 -3.38613582 -0.163407   -0.39822701  0.90261471 -5.6868515
  0.          0.          0.          1.        ]","[ 0.59802502 -0.76764286 -0.23041356  1.64828897  0.7846427   0.50213504
  0.36358795 -3.38613582 -0.163407   -0.39822701  0.90261471 -5.6868515
  0.          0.          0.          1.        ]",0.0
0645,"[ 9.87872064e-01  1.51457176e-01 -3.41986828e-02 -3.58663499e-01
 -1.51474550e-01  9.88458991e-01  2.09734240e-03  2.61786073e-01
  3.41216512e-02  3.10832378e-03  9.99412894e-01 -6.98064661e+00
  0.00000000e+00  0.00000000e+00  0.00000000e+00  1.00000000e+00]","[ 9.87872064e-01  1.51457176e-01 -3.41986828e-02 -3.58663499e-01
 -1.51474550e-01  9.88458991e-01  2.09734240e-03  2.61786073e-01
  3.41216512e-02  3.10832378e-03  9.99412894e-01 -6.98064661e+00
  0.00000000e+00  0.00000000e+00  0.00000000e+00  1.00000000e+00]",0.0
0771,"[ 0.71472019 -0.27660662 -0.64238918  4.25101852  0.11078911  0.95165068
 -0.28650802  2.26729441  0.69058013  0.13360335  0.71080893 -4.97351933
  0.          0.          0.          1.        ]","[ 0.71472019 -0.27660662 -0.64238918  4.25101852  0.11078911  0.95165068
 -0.28650802  2.26729441  0.69058013  0.13360335  0.71080893 -4.97351933
  0.          0.          0.          1.        ]",0.0
