Image ID,Ground Truth Pose,Other Pose,Difference
0276,"[ 0.52338737  0.25886071  0.81182307 -2.44708586  0.85208476 -0.16362053
 -0.4971717   1.08898079  0.00413269  0.9519555  -0.30620819  0.43512312
  0.          0.          0.          1.        ]","[ 0.52338737  0.25886071  0.81182307 -2.44708586  0.85208476 -0.16362053
 -0.4971717   1.08898079  0.00413269  0.9519555  -0.30620819  0.43512312
  0.          0.          0.          1.        ]",0.0
0744,"[-0.6620267   0.73469555  0.14813255 -0.70143574  0.4090111   0.51977938
 -0.7500264   2.02094173 -0.62803721 -0.43594962 -0.64460641  2.23006296
  0.          0.          0.          1.        ]","[-0.6620267   0.73469555  0.14813255 -0.70143574  0.4090111   0.51977938
 -0.7500264   2.02094173 -0.62803721 -0.43594962 -0.64460641  2.23006296
  0.          0.          0.          1.        ]",0.0
1275,"[ 7.51793325e-01  6.56199336e-01  6.48783445e-02  3.89048725e-01
 -6.57337070e-01  7.53580809e-01 -4.89545241e-03 -7.67445266e-01
 -5.21034673e-02 -3.89665738e-02  9.97881174e-01 -7.29020214e+00
  0.00000000e+00  0.00000000e+00  0.00000000e+00  1.00000000e+00]","[ 7.51793325e-01  6.56199336e-01  6.48783445e-02  3.89048725e-01
 -6.57337070e-01  7.53580809e-01 -4.89545241e-03 -7.67445266e-01
 -5.21034673e-02 -3.89665738e-02  9.97881174e-01 -7.29020214e+00
  0.00000000e+00  0.00000000e+00  0.00000000e+00  1.00000000e+00]",0.0
1491,"[ 9.99985218e-01 -1.61690626e-03  5.19846706e-03  3.89048725e-01
  1.61275046e-03  9.99998450e-01  8.03516188e-04 -7.67445266e-01
 -5.19975787e-03 -7.95120432e-04  9.99986231e-01 -7.29020214e+00
  0.00000000e+00  0.00000000e+00  0.00000000e+00  1.00000000e+00]","[ 9.99985218e-01 -1.61690626e-03  5.19846706e-03  3.89048725e-01
  1.61275046e-03  9.99998450e-01  8.03516188e-04 -7.67445266e-01
 -5.19975787e-03 -7.95120432e-04  9.99986231e-01 -7.29020214e+00
  0.00000000e+00  0.00000000e+00  0.00000000e+00  1.00000000e+00]",0.0
