Image ID,Ground Truth Pose,Other Pose,Difference
0744,[1. 0. 0. 0. 0. 1. 0. 0. 0. 0. 1. 0. 0. 0. 0. 1.],"[-7.54197441e-01  6.56647588e-01  4.07273624e-04  2.92695881e-02
  5.29701803e-01  6.08026134e-01  5.91371474e-01  1.93907840e-01
  3.88075019e-01  4.46226586e-01 -8.06399165e-01 -1.35311440e-01
  0.00000000e+00  0.00000000e+00  0.00000000e+00  1.00000000e+00]",2.8216851505986997
1275,"[ 0.20615162 -0.46427982 -0.86136268 -0.40831077 -0.76000685  0.47849717
 -0.43980681 -0.63491649  0.61635312  0.74530846 -0.25421286  1.01087381
  0.          0.          0.          1.        ]","[ 0.70697254  0.66147616  0.25027772 -0.32297804  0.1304636   0.22583068
 -0.96539085 -0.70056753 -0.69510349  0.715157    0.07335752  0.77351699
  0.          0.          0.          1.        ]",2.4047804488955915
0276,"[-0.74042128  0.65976906  0.12837833  0.27879108 -0.48842593 -0.65935005
  0.57157459  0.14502532  0.46175362  0.36050271  0.81044518 -0.43783446
  0.          0.          0.          1.        ]","[ 0.54235192  0.42697077  0.72356762  0.12257252  0.1680311  -0.89895978
  0.40451998 -0.14448763  0.82317648 -0.09781036 -0.55929699 -0.08836873
  0.          0.          0.          1.        ]",2.239961508463416
1491,"[ 0.96020107  0.27930423 -0.00171072 -0.36459428  0.0478687  -0.17059295
 -0.98417814 -0.86182367 -0.27517696  0.94492709 -0.17717339  0.75031445
  0.          0.          0.          1.        ]","[ 0.98085997  0.03079495  0.19226364 -0.32297804  0.18886998  0.08963044
 -0.97790306 -0.70056753 -0.04734716  0.99549882  0.08209866  0.77351699
  0.          0.          0.          1.        ]",0.5808669237232099
