Image Name,Camera Pose
0790.jpg,"0.9805200227860644 0.018166803847746077 0.195577228105864 -2.879943942403251 -0.07125025843595081 0.9607904373213759 0.26796480407809053 -3.9636700176140414 -0.18304066648814918 -0.27667978384724234 0.9433686509640955 0.9976200410375382 0.0 0.0 0.0 1.0"
0766.jpg,"1.0 0.0 0.0 2.7240350286650123 0.0 1.0 0.0 4.136596708626402 0.0 0.0 1.0 0.6842520243208812 0.0 0.0 0.0 1.0"
