Image ID,Ground Truth Pose,Other Pose,Difference
0790,[1. 0. 0. 0. 0. 1. 0. 0. 0. 0. 1. 0. 0. 0. 0. 1.],"[-9.41654788e-01  9.77240784e-02 -3.22081147e-01 -1.11227305e-10
 -3.86395067e-02  9.19208870e-01  3.91869929e-01  1.80280291e-10
  3.34354975e-01  3.81451252e-01 -8.61801423e-01  1.32768740e-10
  0.00000000e+00  0.00000000e+00  0.00000000e+00  1.00000000e+00]",2.787201945021743
0766,"[ 0.99906485 -0.04301272  0.00440727 -0.4449093   0.04286166  0.99863037
  0.03000336  0.72112086 -0.00569181 -0.02978639  0.99954013  0.53107477
  0.          0.          0.          1.        ]","[-0.98452778  0.0746791  -0.15851841 -0.4449093   0.05545311  0.99092752
  0.1224239   0.72112086  0.16622276  0.11173939 -0.97973685  0.53107477
  0.          0.          0.          1.        ]",2.8197370147341805
