Image ID,Ground Truth Pose,Other Pose,Difference
0746,"[ 0.9597553  -0.23353879  0.15597953 -1.16960847  0.21104909  0.96620131
  0.14803223 -2.03998327 -0.18527888 -0.10915537  0.97660488 -6.87113857
  0.          0.          0.          1.        ]","[ 0.9597553  -0.23353879  0.15597953 -1.16960847  0.21104909  0.96620131
  0.14803223 -2.03998327 -0.18527888 -0.10915537  0.97660488 -6.87113857
  0.          0.          0.          1.        ]",0.0
0898,"[ 0.99895149 -0.03271092 -0.03203103 -0.33726606  0.0335458   0.999102
  0.02588349 -0.60228914  0.03115559 -0.02693086  0.99915171 -6.63141727
  0.          0.          0.          1.        ]","[ 0.99895149 -0.03271092 -0.03203103 -0.33726606  0.0335458   0.999102
  0.02588349 -0.60228914  0.03115559 -0.02693086  0.99915171 -6.63141727
  0.          0.          0.          1.        ]",0.0
1010,"[ 0.83731055 -0.48352912  0.25516817 -1.64649808 -0.06692627  0.37255979
  0.92559189 -6.90724373 -0.54261601 -0.79208523  0.27958739 -1.14925539
  0.          0.          0.          1.        ]","[ 0.83731055 -0.48352912  0.25516817 -1.64649808 -0.06692627  0.37255979
  0.92559189 -6.90724373 -0.54261601 -0.79208523  0.27958739 -1.14925539
  0.          0.          0.          1.        ]",0.0
1210,"[ 0.85200638  0.47763985 -0.2143487   2.07801247 -0.36599678  0.83617365
  0.40848505 -4.25332069  0.37434146 -0.26958096  0.88723987 -6.82832479
  0.          0.          0.          1.        ]","[ 0.85200638  0.47763985 -0.2143487   2.07801247 -0.36599678  0.83617365
  0.40848505 -4.25332069  0.37434146 -0.26958096  0.88723987 -6.82832479
  0.          0.          0.          1.        ]",0.0
